Provider Name,Website URL
Engine Scout,https://enginescout.com.au/?utm_source=clutch.co&utm_medium=referral&utm_campaign=au-agencies-digital-marketing
Farsiight,http://farsiight.com/?utm_source=clutch.co&utm_medium=referral&utm_campaign=au-agencies-digital-marketing
Webomaze,https://www.webomaze.com.au/?utm_source=clutch.co&utm_medium=referral&utm_campaign=directory
Stavridis Group,https://stavridisgroup.com.au/
Human Digital,https://humandigital.com/?utm_source=clutch.co&utm_medium=referral&utm_campaign=directory
Evolut,https://evolut.com.au/?utm_source=clutch.co&utm_medium=referral
One Egg Digital,https://www.oneegg.com.au/clutch/?utm_source=clutch&utm_medium=referral
Crystal Marketing,https://www.crystalmarketing.com.au/about-us/
OnQ Marketing,https://www.onqmarketing.com.au
Civic Web Media,https://www.civicwebmedia.com.au/
XEN Systems,https://xen.com.au
PupDigital,https://www.pupdigital.com.au/
Rockaway Digital,https://www.rockawaydigital.com
Cemoh,http://www.cemoh.com
Elevate Communication,https://www.elevatecom.com.au/
Neuralle,http://www.neuralle.com
SEO Expert Gold Coast,https://www.seoexpertgoldcoast.com.au/
The Buzz Group,http://www.buzzgroup.com.au/
Vim Digital,https://www.vimdigital.com.au
Upify Digital,https://www.upify.ai
Content Smith,http://www.contentsmith.com.au
INSIDR MEDIA,http://www.insidrmedia.com
little crank.,http://www.littlecrank.com
Sydney Design Social,https://www.sydneydesignsocial.com/
SEO Services Perth Digital Edge,https://www.perthdigitaledge.com.au/
Talk Digital,https://talkdigital.com.au
Vidico,https://www.vidico.com
Botanist Creative,http://www.botanistcreative.com
Sonder Digital Marketing,https://sonder.com.au/
Willow & Blake,http://www.willowandblake.com
Digital Hub Australia,https://digitalhubaustralia.com.au/
The Brown Cows,https://www.thebrowncows.com/
Broadcast SEO,https://broadcastseo.com.au
Pixel3 Video Productions (Melbourne),https://pixel3.com.au/
New Limits,https://newlimits.com.au/
iSEE Marketing & Communications,https://www.iseemark.com
Appomate,https://appomate.com.au/
BAM Studio,https://bamstudio.com.au
Stardust Digital,https://www.stardustdigital.com.au
DMS Designs Pty Ltd.,https://www.dmsdesigns.com.au
The Xover Agency,https://www.thexover.agency/
The Innovation Agency,http://innovationagency.com.au
Sydney Video Producer,http://www.sydneyvideoproducer.com.au
Snackable Media,http://www.snackablemedia.com.au
Piccolo PR,http://www.piccolopr.com.au
QUIET/CONQUEROR,http://www.quietconqueror.com
Devnest,https://devnest.co/
Radion Marketing,http://www.radionmarketing.com.au
Baha Agency,https://baha.agency
istories,https://www.istories.com.au
Coding Pro,https://codingpro.com.pk
Coopers Design,https://coopersdesign.com.au/?source=clutch
LoudGrowth,https://loudgrowth.com/
Left Leads MSP Marketing,https://leftleads.com
Inboda,https://inboda.com/
"Sales, SEO and Social Media",https://www.salesseoandsocialmedia.com/
tecset Pty Ltd,https://tecset.com.au/
Tell Media,https://www.tellmedia.com.au
Go Big Media,https://www.gobigmedia.com.au/
Disrupta,https://www.disrupta.com.au/
SEO for Small Business Australia,https://www.seoforsmallbusiness.com.au/
Metric Labs,http://metriclabs.com.au/
DAVS,https://www.davs.in
Profit SEO,https://profitseo.com.au/seo-brisbane/
Dynamic Web Design,https://www.dynamicwebdesign.com.au/
imexpert Digital Marketing Agency,https://imexpert.co/
Designomate,https://www.designomate.com/
Contevo Digital Marketing,http://www.contevo.com.au
SEO Empire,https://www.seoempire.com.au/
Yarra Web,https://www.yarraweb.com.au/
Knackmap,https://knackmap.com
ROI SEO Sydney,https://sydneyseoservices.net/
Flarecom Digital Marketing,http://flarecom.com.au/
Pro Internet Marketing,https://www.pro-internet-marketing.com.au/
internacious,https://internacious.com
Ucidity,https://ucidity.com.au/
Bud,https://bud.agency
Oh My Agency Pty Ltd,https://ohmyagency.com.au/
Genroe,https://www.genroe.com/?utm_source=clutch.co&utm_medium=referral
Design Vision Technology,http://www.designvisiontechnology.com.au/
Uddin IT,https://uddinit.com/
pepperit,https://www.pepperit.com.au/services/social-media-expert-sydney/
The Marketing Department,https://www.marketingdepartment.com.au/
Web Intelligenz,https://webintelligenz.com/
Local Visibility Agency,https://www.localvisibility.com.au/
Space Digital,https://www.spacedigital.com.au/
Scott Shorter PTY LTD,https://www.scottshorter.com.au/
Bizwisdom,https://www.bizwisdom.com.au/
Out West Online,https://www.outwestonline.com.au/
ShoutItOut,https://www.shoutitout.com.au/
Roberts Digital,http://robertsdigital.com.au
Growth Solutions,https://growthsolutions.com.au
Slinky Digital,https://www.slinkydigital.com.au/
Adit Marketing,https://www.aditmarketing.com.au/
SEO Kings,https://seokings.com.au
Red Dot Copywriting,https://reddotcopywriting.com.au/
Fat Digital,https://www.fatdigital.com.au
Search Tribe,https://searchtribe.com.au/
Young Folks Digital,https://youngfolks.com.au/
AKS Digital,https://aksdigital.com.au/
Dynamic Web,https://www.dynamicweb.com.au/
Delos Digital,https://delosdigital.com.au/
JRNY Digital,https://www.jrnydigital.com.au/
Digital Habitus,https://digitalhabitus.com.au/
Ambire,https://ambire.com.au/
Freerange Future,https://freerangefuture.com/
358 Marketing,http://www.358mkt.com.br/
Soup Agency,https://www.soupagency.com.au
Live SEO Service,https://www.liveseoservice.com/
Business Growth Digital Marketing,https://businessgrowthdigitalmarketing.com
LeadKing Digital,https://www.leadkingdigital.com.au/
Media Kings,http://www.mediakings.com.au/
Davies BDM,https://www.daviesbdm.com/
Pulse Agency,http://pulseagency.com.au/
Web Agents North Lakes,https://webagents.com.au/
Quikclicks,https://www.quikclicks.com.au/online-marketing/quiktraffic-search-engine-marketing/
Volcano Marketing,https://www.volcanomarketing.agency/
Business Wilderness,https://businesswilderness.com/
Digital Presence,https://www.digitalpresence.com.au/
Scout Digital Marketing,https://scoutdigitaltraining.com.au/contact-us/
DIGITAL LIFE MENTORS,http://digitallifementors.com/
Clickbiz Australia,https://clickbiz.com.au/
2 Sons Marketing,https://www.2sonsmarketing.com/
Rankwell Digital Marketing Agency,https://www.rankwell.com.au/
Alinga Ecommerce,https://www.alingaecommerce.com.au/
Havoc Digital,https://havoc.digital/
Addicted 2 PPC,https://www.addicted2ppc.com/
International Media House,https://internationalmediahouse.com/
Canny Digital - Australia,https://www.cannydigital.com.au/
Top4 Marketing Agency,http://www.top4marketing.com.au/
Multiplier Media,https://www.multiplier.com.au/
Rhythm Design & Marketing,https://www.rhythmwebsites.com.au/
Web Step Up,https://www.webstepup.com.au/
RGC Advertising,https://www.rgcadvertising.com.au
Growth Hackers,https://www.growth-hackers.net
Red Chameleon SEO,https://www.redchameleon.co/
Eurisko,https://www.eurisko.com.au/
Searchnity,https://www.searchnity.com.au/
Honeyweb Online Marketing Solutions,https://www.honeyweb.com.au/
Nimbull,https://nimbull.com/
ClickedOn,https://clickedon.co/
Hydra Digital,https://hydradigital.com.au/
SYNQ,https://synq.com.au
Integral Media - Melbourne SEO Company,https://www.integralmedia.com.au/
Redhead Digital Marketing,https://redheaddigital.com.au/
GET Digital Marketing,https://get-digital.com.au/
NorthSouth Advertising,https://www.northsouthadvertising.com.au/
Very Social Ads,http://www.verysocialads.com
BrisDigital,https://www.brisdigital.com.au
Kamber,https://www.kamber.com.au
Agile SEO,https://www.agileseo.com.au/
A.P. Web Solutions,https://www.apwebsolutions.com.au/
Aston Social,https://astonsocial.com.au
Clickify,https://clickify.com/
Advia,http://www.advia.com.au/
Think Local Digital,https://www.thinklocaldigital.com.au/
RedEx Digital,https://www.redexdigital.com
Social Motive,http://www.socialmotive.com.au/
M2Media,https://www.m2media.com.au/
Digital Stand,https://www.digitalstand.com/
RocketFIN,https://rocketfin.com.au
Tradesign,https://tradesignaus.com.au/
FX Web Studio,https://www.fxwebstudio.com.au/
Tailored SEO,https://www.tailoredseo.com.au/
eWords Agency,https://simonecunningham.com/ewordsagencycontentmarketingagency
Topseosydney,https://topseosydney.com/
Sharp Instincts,https://www.sharpinstincts.com.au/
Pathfinder Alliance,https://pathfinderalliance.com.au/
Xpanda Media,https://www.xpandamedia.com/
Evolve Social Marketing Pty Ltd,https://www.evolvesocial.com.au/
Fiber,https://www.fiber.com.au
Gorilla 360,https://www.gorilla360.com.au/
SEO Web Logistics,https://www.seoweblogistics.com/
Revolucion One,https://revolucionone.com.au
Splice Marketing,https://splicemarketing.com.au/
Sellz,https://sellz.com.au/
Ormi Media,https://www.ormimedia.com.au/
Livelong Digital,https://www.livelongdigital.com.au/
Goop Digital,http://www.goop.com.au
Steep Digital,https://perthbizweb.com.au/
Roma Advertising,https://www.romaadvertising.com.au/
Nimbler Digital,https://www.nimbler.com.au/
Digital Hitmen,https://www.digitalhitmen.com.au/
Content SME Pty Ltd,https://contentsme.com.au/
FRANk Media,http://frankmedia.com.au
Commonsense Marketing,https://commonsensemarketing.com.au/
Smarter Websites,https://www.smarterwebsites.com.au/
Kis Marketing,https://www.kismarketing.com.au/
Ignite Search,https://www.ignitesearch.com.au/
Digilari Media,https://www.digilari.com.au/
Apex Strategy,https://apexstrategy.com.au/
3am Ideas Pty Ltd,https://3amideas.com.au/
Blitz Marketing - Australia,https://blitzmarketing.com.au/
Sprout Online,https://www.sproutonline.com.au/
Hello Digital - Australia,https://hellodigital.net.au/
Wizard Creative Labs,https://wizardcreativelabs.com/
Firewire Digital,https://www.firewiredigital.com.au/
Cloud Clicks,https://cloudclicks.com.au/?utm_source=clutch&utm_medium=listing
RCS Digital,https://rcsdigital.com.au/
Undergrnd Marketing Pty Ltd,https://www.undergrnd.com.au/
Ingage Media,https://ingagemedia.com.au
Netology - Australia,https://www.netology.com.au/
The Exposure Co.,http://www.theexposure.co
The Strategy Agency,https://thestrategyagency.com.au/
Business Near Me,https://www.businessnearme.com.au/
Your Marketing Nerd,https://www.yourmarketingnerd.com.au/
eDigital,https://www.edigitalagency.com.au/
We The People,http://wethepeople.com.au
Content Chemistry,https://contentchemistry.com.au/
Web Like Web,https://www.weblikeweb.com.au/
Organik Services,https://www.organik.services/
Usableseo,http://www.usableseo.com
Marketix,https://marketix.info
Content Authority,https://www.contentauthority.com.au/
ROARLocal Australia,http://roarlocal.com.au/
SEO Adelaide,https://adelseo.com.au/
Collaborative Media Group,https://collaborativemediagroup.com.au/
TeamUp Digital,http://www.teamupdigital.com.au/
VanBlaisa Digital Marketing,https://vanblaisa.com/
Batish Technologies Pty Ltd,http://batishtechnologies.com/
White Chalk Road,https://www.whitechalkroad.com.au/
Missing Link Social Media,https://missinglinksocialmedia.com.au/
Hybrid Digital Marketing,https://www.hybriddigital.com.au/
Punch Digital,https://www.punchdigital.com.au/
4TBIZ,https://4tbiz.com/digital-agency-adelaide/
sitecentre,https://www.sitecentre.com.au/
RedPandas Digital,https://www.redpandas.com.au/
Fortigrid ICT,http://www.fortigrid.com/ppc/
Intentional,http://intention.al
Omega Digital Marketing,https://www.omegadigital.com.au/
Bloocow,https://bloocow.com/
Two Moons Consulting,https://twomoonsconsulting.com.au/
Dux Digital,https://duxdigital.com.au/
InnoFuture,https://www.innofuture.com.au/
Digital Pieces,https://www.digitalpieces.com.au/
Arcadian Digital,https://arcadiandigital.com.au/
Content Marketing Agency,https://contentmarketing.com.au/
Lime Virtual Studio,https://www.limevirtualstudio.com/
Efficient Media,https://www.efficientmedia.com.au/
3C Digital,https://3cdigital.com.au/
Next Gen IT & Digital Agency,http://ngitc.com.au/
Multiply Digital,https://multiplydigital.com.au/
Search & Internet Marketing,https://searchinternet.com.au/
Piksoul Pty Ltd,https://www.piksoul.com/
Clikk,https://clikk.com.au/
AU Digital,https://www.audigital.com.au/
Vixen Internet Solutions Pty Ltd,http://www.vixeninternet.com.au/
Blake Digital,https://www.blakedigital.com/
Amica Digital,https://amicadigital.com
Web Marketing Workshop,https://webmarketingworkshop.com.au/
Clique Social Media,http://www.cliquesocial.com.au
80/20 Digital,https://8020.digital/
Video Visible,https://www.videovisible.com.au
Significant Digital Agency,http://www.significant.com.au/
Social Fox,https://www.socialfox.com.au/
UI Media,http://www.uimedia.com.au/
TMC & Co,https://tmcco.com.au/
Link Building Association,https://linkbuildingassociation.com/
Content Hive,https://www.contenthive.com.au
Mamba Digital,https://www.mambadigital.com/
WebRefresh,https://www.webrefresh.co
Digital Magus,https://www.thedigitalmagus.com/
SEO Top Secret,http://www.seotopsecret.com
Pixelpi,https://www.pixelpi.com.au/
Stage3 - A Growth Agency,https://stage3.com.au/
Loud Roar Media,http://www.loudroarmedia.com
automatico,https://automatico.com.au
Urban IT Services,https://www.urbanitservices.com.au/
Think Goat,https://www.thinkgoat.com.au/
Impulsive Media,http://www.impulsive.com.au/
Kaptol Media,https://www.kaptolmedia.com
Spruik Digital,https://www.spruikdigital.com.au/
Edge Rankings,https://www.edgerankings.com.au/
Grow Your Business,https://growyourbusinesstoday.in/
Reform Digital,http://www.reformdigital.com.au
Fire Influence,http://Www.fireinfluence.com
Digital Masters Hub,https://digitalmastershub.com/
TwentyTwo Digital,http://twentytwodigital.com
Summit Web,https://summitweb.com.au/
PMGS Digital,https://www.pmgs.com.au/
Smart Web Solutions,https://www.smartwebsolutions.com.au/
Red Herring Digital,https://www.redherring.net.au/
Thinktank Social,https://www.thinktanksocial.com.au
Kobe Creations,https://www.kobecreations.com/
Brisbane Agency,https://brisbaneagency.com
WebBuzz - The Growth Marketing Agency,https://webbuzz.com.au
Web Marketing Guru,https://www.webmarketingguru.com.au/
Due North,https://due-north.co/?utm_source=clutch.co&utm_medium=referral&utm_campaign=au-agencies-digital-marketing
WestVic Web,https://westvicweb.com/
Digital Debut,https://www.digitaldebut.com.au/
Kaira Infotech,http://kairainfotech.com/
Safari Digital SEO Agency,https://www.safaridigital.com.au/
Greater Leads,http://www.greaterleads.com
Ocean Groups,https://www.oceangroupsaustralia.com.au/
Exante Digital,https://exante.digital/
We Push Buttons,https://wepushbuttons.com.au/
Mallee Blue Media,https://www.malleeblue.com/website-design-agency/
Konversa,https://www.konversa.net/
Websiders,https://websiders.com.au
Redline Digital Media,https://www.redlinedigital.com.au/
Digital Trendz,https://www.digitaltrendz.com.au/
WEB IDEAS,https://www.web-ideas.com.au/
BMC Solutions,http://www.bmcsolutions.com.au/
Australian Digital,https://australian.digital/
Agnes Media,https://agnes.media/
Sky For Web,https://www.skyforweb.com.au
Digital Rhinos,http://digitalrhinos.com/
M R K WP,https://www.mrkwp.com/
Kala Digital,https://kaladigital.com.au/
Mindiam,https://mindiam.com/
Meshmedia,http://www.meshmedia.com.au/
Rank First,https://www.rankfirst.com.au/
Biz Vista,https://www.bizvista.com
imexpert,https://imexpert.com.au/
Skyrocket Marketing,https://skyrocketmarketing.com.au
Codevelopment Pty Ltd,https://www.codevelopment.com.au/
Website Development Australia,https://websitedevelopmentmarketing.com
Domain Bird,https://www.domainbird.com.au/
The Lead Factory Marketing,https://theleadfactorymarketing.com.au/
HotsWots - Digital,https://www.hotswots.com/
Hornet Marketing,https://hornetmarketing.com.au/
Sustainable Marketing Services (Australia) Pty Ltd,https://sustainablemarketing.com.au/
Marketing Station,https://marketingstation.com.au/
Shout It Social,https://stanleybarrett.wixsite.com/mysite/contact
Digital Marketing Insights,http://digitalmarketinginsights.com.au/
Sonar Group,https://sonargroup.com.au/
Opal Web Design,https://www.opalwebdesign.com/we-are-a-creative-design-agency-in-south-west-sydney/
Xoom Digital,https://xoomdigital.com.au/
SEO Expert Melbourne,https://www.seoexpertmelbourne.com.au/
SAVV DIGITAL,https://www.savvdigital.com.au
Predicta digital,https://www.predictadigital.com/
Strike Media,http://www.strikemedia.agency/
Clik Digital,https://clikdigital.com.au/
High Jump Digital,https://www.highjumpdigital.com.au/
Apple Advertising Pty Ltd,https://www.appleadvertising.com.au/
Richardson Marketing - Australia,https://www.richardsonmarketing.com.au/
Bouncing Orange Digital Agency,https://www.bouncingorange.com.au/
Sumo Media,https://sumomedia.co/
Sydney Business Web,http://rowleyseo.com/
Reenergise Digital,https://reenergise.digital
Emedia Creative Pty Ltd,https://www.emediacreative.com.au/
Click on Food,http://clickonfood.com.au/
Marquetable,https://marquetable.com/
Digital Streets,https://digitalstreets.com.au/
Digital Nectar,https://www.digitalnectar.com.au/
Digital Marketing Agency Australia,http://digitalmarketingagencyaustralia.com/
Smith Social,https://www.smithsocial.com.au/
Brucey | Industrial Marketing,https://brucey.com.au/
Social Magic,http://www.socialmagic.com.au
Bold Digital Marketing,http://www.bolddigital.net.au/
Equine Digital,https://equinedigital.com/
Tekcat Australia,http://www.tekcat.com.au/
Ready Marketing,https://readymarketing.com.au/
CPMC Agency,https://www.cpmcagency.com/
Digital Meal,https://www.digitalmeal.com.au/
Resurge Digital,https://www.resurgedigital.com.au/
Alexa Digital,https://www.alexadigital.com.au/
Blank Canvas Digital,https://blankcanvasdigital.com/
Digital Labs,http://digitallabs.net.au/
Deniro Digital,https://www.denirodigital.com.au/
AWM Creative,http://awm-creative.com
JUPYTECH IT SOLUTIONS,http://www.jupytech.com
Mount Digital,http://www.mountdigital.com.au
Insider Media Group,http://www.insidermedia.com.au
Cornerstone Digital,https://cornerstone-digital.com.au/
Sea Salt Marketing,https://www.seasaltmarketing.com.au/
ist. Digital Agency,https://www.isolutionstechnology.com.au/
Digital Union Pty Ltd,https://www.digitalunion.com.au/
Host One,https://www.hostone.com.au/
Sharp Circles,https://www.sharpcircles.com.au/
Social Broker,https://socialbroker.com.au
Action Websites,http://www.actionwebsites.com.au/
MultiTech IT,http://www.multitechit.com.au/
Linkeo Australia,https://www.linkeo.com.au/
My Web Agent,https://mywebagent.melbourne/
Web Extra,https://www.webextra.com.au/
Wildmoon,https://www.wildmoon.com.au/
Digital Advocates,https://www.digitaladvocates.com.au
SocialROO Media Melbourne,http://www.socialroomedia.com.au
Giant Media,https://giantmedia.com.au/
Dogulin Digital,https://www.dogulindigital.com.au/
King Content,https://kingcontent.com.au/
OM4,https://om4.com.au/
The Marketing Co.,http://www.themarketingco.com.au
Rhythm Digital,https://www.rhythmdigital.com.au/
Clout Marketing - Australia,https://www.cloutmarketing.com.au/
MangoMatter,https://mangomattermedia.com
kmo,https://www.kmo.com.au
Visual Marketing Australia,https://www.visualmarketing.com.au/
Inology Australia,https://www.inology.com.au/
Social Media AOK,http://www.socialmediaaok.com.au/
TrafficHub,https://www.traffichub.com.au
Evolv,https://evolvdesign.com.au/
Crowd Faction,https://www.crowdfaction.com
ONEOUT Creative,http://www.oneoutcreative.com.au/
Social Connection - Social Media Agency,https://socialconnection.com.au
Result Driven SEO,https://resultdrivenseo.com.au/
AGR Technology,https://agrtech.com.au/
Milkbar Digital,http://www.milkbardigital.com.au
Digital Domination,https://digitaldomination.com.au/
Informatix Pty Ltd,https://emailer.net.au/
Portal Ventures,https://www.portal.ventures
TheFARM Digital,http://www.thefarmdigital.com/
The Lead Agency,https://www.leadagency.com.au
Independent Events,http://www.independent-events.com/
FACTOR168,http://factor168.com/
Crockford Carlisle,https://c-c.com.au
Agent99 Public Relations,https://agent99pr.com
Curate Bee Digital,https://curatebee.com/
JABA,https://jaba.com.au/
IBC Digital,https://www.ibc.com.au/
Corporate Video Productions,http://corporatevideo.com.au
Crunchy Social,https://www.crunchysocial.com.au
Digital Marketing Tribe,https://digitalmarketingtribe.com.au/
App Media,https://www.appmedia.com.au/
Noice TEC,https://noicetec.com/
Website Builder Australia,http://www.websitebuilderaustralia.com.au
Web Ignite,https://webignite.com.au/
Fisse Design,https://fissedesign.com.au/
Merge Digital,https://mergedigital.com.au/
Fig Tree Digital,http://www.figtreedigital.com.au/
WEBO Designs,https://webodesigns.com.au/
Design4u Creations,http://design4u.com.au/
Web Tech Plus,https://www.webtechplus.com.au/
Spark Green,https://sparkgreen.com.au/
Bibby Consulting Group,https://www.bibbyconsultinggroup.com.au
Blue Flame,https://www.blueflamesocialmedia.com.au/
Flarecom,http://flarecom.net/
Mama Advertising,https://www.mama.com.au/
One Touch Web Designs,https://www.otwd.com.au/
Spinfluence,https://www.spinfluence.com.au
PN Digital,https://www.pn.com.au/
MadLab,https://madlab.com.au/
JAZ,https://jaz.com.au/
Marmoset Digital Media,https://www.marmoset.com.au/
Websitemasters,https://www.websitemasters.com.au/
Cyanweb Solutions Pty Ltd,http://www.cyanweb.com.au/
M Business & Marketing Solutions,http://www.mbusinesssolutions.com.au
o2 Media - Australia,http://o2media.com.au/
Hypehire,https://hypehire.com.au
WK Digital,https://wkdigital.com.au/
Polkadot Communications,https://www.polkadotcommunications.com.au
Domani Digital,https://domani.com.au/
Haimat Digital Agency,https://www.haimat.com.au/
First Five Eight,http://firstfiveeight.com.au
NBS Digital Pty Ltd,https://nbsdigital.com.au/about-us/contact-us
Perth Digital Agency,https://perthdigitalagency.com/
Halo Digital,https://halodigital.com.au/
Dsigns Australia,https://www.dsigns.com.au/
iSmarts Web Development,https://www.ismarts.com.au/
Mint Content,http://www.mintcontent.com.au/
Burning Fruit,https://burningfruit.com/
Your Clicks,https://yourclicks.com.au
ETech Computers,https://etechcomputers.com.au/
Kado Creative,http://www.kadocreative.com/
Kingthing Marketing,https://www.kingthingmarketing.com/
Doreen Brown - SEO Consulting Wollongong,https://doreenbrown.com.au/
Thomas Web Designs,https://thomaswebdesigns.com.au/
Media Lion Digital Marketing Agency,http://medialiondigital.com.au/
LaunchPADS,http://www.launchpads.com.au
Social Meteor,https://socialmeteor.com.au/
Straight Up PR,http://straightuppr.com.au/
Digital Marketing Specialists,http://digitalmarketingspecialists.com.au/digital-marketing-agency-sydney/
The Digital Broker Australia,http://tdba.com.au/
Ammo Marketing,https://www.ammo.marketing
Assertive Marketing,https://www.assertivemarketing.com.au
PIER Marketing,https://www.piermarketing.com.au/
Etoiles Agency,http://www.etoiles.com.au/
4i Digital,https://www.4idigital.com.au/
AdCraft Studio,https://www.adcraftstudio.com.au
Volt Agency,https://www.voltagency.com.au/
JP Websites,https://www.jpwebsites.com.au/
Online Marketing for Service Businesses,http://onlinemarketingforservicebusinesses.com
Digital Affair,https://www.digital-affair.com/
Futurity Marketing,http://www.futuritymarketing.org
Catalyst MDC,http://catalystmdc.com/
Webeagles Pty Ltd,https://www.webeagles.com.au/
Zeal Digital,https://www.zealdigital.com.au/
Relacion,https://www.relacion.com.au/contact/
Big Head Digital,http://bigheaddigital.com.au/
Fleurieu Digital Marketing Solutions,https://www.fleurieudigitalmarketingsolutions.com/
Digital Movement,https://www.digitalmovement.com.au/
Joel House Digital Media,https://joelhouse.com.au/
GWM SEO Company Sydney,https://agseosydney.com.au/
Thrive Web Design,https://deanoakley.com/
16K Agency,https://www.16kagency.com/
1990 Digital,https://www.1990digital.com/
Digital Assembly,https://digitalassembly.agency/
Digital Bond Marketing,https://digitalbond.com.au/
ZYX Digital,http://www.zyxdigital.com.au/
Bloom Digital,https://bloomdigital.net.au/?utm_source=GMB&utm_medium=Organic
Bright Light Marketing,https://www.brightlightmarketing.com.au/
Ennoblir Agency,http://www.ennoblir.com.au
FI Digital,https://www.fidigital.com.au/
Seoz,https://seoz.com.au/
Blis Web Agency,https://blisweb.agency
Kenekt Digital,https://kenekt.com.au/
Saga Digital Agency,https://www.sagadigitalagency.com/
WEB DESIGN MARKETING AUSTRALIA,https://www.sydneywebsitedesigns.com
Creativus Design,http://creativus-design.com
WebGator,https://www.webgator.com.au/
Marketeam,https://www.marketeam.com.au
HotClicks,https://www.hotclicks.com.au/hot-clicks-pay-per-click-online-marketing/
Maximum Conversions,https://maximumconversions.com.au/
SEO Melbourne,https://seomelbourne.com/
Marketing Outsourced,https://www.marketingoutsourced.com.au/
Digital Force Pty Ltd,https://www.digitalforce.com.au/
Lloyd Michaels - Digital Marketing,https://lloydmichaels.com.au/
Aheadable Marketing,https://aheadable.com.au/
Young Buck Media,https://www.youngbuckmedia.com.au/
Pulp Media,http://www.pulpmedia.com.au
SEO Sydney Solutions,https://www.seosydneysolutions.com.au/
Digital Marketing Shop,http://www.digitalmarketingshop.com.au/
Nemco,https://nemco.com.au
Digimark Australia,https://www.digimark.com.au/
Kursor Creative,http://www.kursorcreative.com
Amire Strategic Digital Marketing,https://www.amire.com.au/
Redmond Digital Marketing,https://redmonddigitalmarketing.com.au/
Blue Cherry Online Marketing,https://www.bluecherry.com.au/
Low Cost SEO Plans,https://lowcostseoplans.com/
WebsiteFix Digital,https://websitefix.com.au/
SEO FIX,https://www.seofix.com.au/
SEO Sydney Experts,https://www.seosydneyexperts.com.au
Red Search,https://www.redsearch.com.au/
"WebShiny | Best Digital Marketing Company In Amritsar, Top Digital Marketing, SEO, SMM agency",http://www.webshiny.com
AdWise Digital,http://adwisedigital.com.au
The Marketing Strategy Co,https://themarketingstrategy.co/
Clarity Communications,http://www.claritycomms.com.au/
Web Club,https://webclub.com.au/
Throttle Media,https://www.throttlemedia.com.au/
Cloud SEO,http://cloudseomarketing.com/
Top SEO Brisbane,https://topseobrisbane.com
Goji Web,https://gojiweb.com.au/
Fat Digital Marketing,https://fatdigitalmarketing.com
Polar Web Design,https://polarwebdesign.com.au/
Digital Surfer,https://digitalsurfer.com.au/
Ireckon,https://www.ireckon.com/
Icon Digital,https://icondigitalmedia.com.au/
BROKENIMAGE Creative,https://www.bicreative.com.au/
Australian Web World,http://australianwebworld.com.au/
SEO Services Australia,http://australiaseoservices.com.au/
McGregor Media,http://www.mcgregormedia.com.au/
The SEO Company Limited,http://www.seocompanylimited.com.au/
Sydney Maestro,https://www.sydneymaestro.com
Point B Marketing,http://www.pointbmarketing.com.au
Digital Media Hub,http://digitalmediahub.com.au/
Sybex Digital Marketing,https://sybex.com.au/
Digital Monopoly,https://www.theseoco.com.au/
The Marketing Boy,https://www.themarketingboy.com/
Jala Design,http://www.jaladesign.com.au/
Think Design Company,http://thinkdesignco.com.au/
Pitch Public Relations,https://www.pitchpr.com.au/
Mindly Studio,https://www.mindlystudio.com.au/
oa agency,http://www.oa.agency
Ardour Marketing,http://www.ardourmarketing.com.au/
SOFTROZ,https://www.softroz.com
Mdwebdesign,https://mdwebdesign.com.au/
Australian Web Experts,https://australianwebexperts.com.au/
Sydney Digital Agency,http://sydneydigitalagency.com.au
CP Communications,https://cpcommunications.com.au
Weave Web Communications,https://www.weaveweb.com.au/
AB Web Developers,https://abweb.com.au/
Choc Chip Digital,http://chocchip.com.au/
Creative Wolf,http://creativewolf.com.au/
Techbae Pty Ltd,https://techbae.com.au/
The web showroom,https://www.thewebshowroom.com.au/
Smart SEO,https://www.smartseo.com.au/
BroadWeb Digital,https://www.broadweb.com.au
Match Digital,https://matchdigital.com.au/
SEO Adelaide Pros,https://seoadelaidepros.com.au/
Kidis Creative,https://kidis.com.au/
BEVIN Creative,https://bevin.com.au/
Creative Approach - Australia,https://www.creativeapproach.com.au/
MLK Marketing,https://mlkmarketing.com.au/
Digital Web Sydney,https://www.digitalwebsydney.com.au/
Digital Democracy Pty Ltd,https://digitaldemocracy.com.au/
Milk Digital,https://www.milkdigital.com.au/
worktrainweb,https://www.worktrainweb.com.au/
Helix Digital,http://www.helixdigital.com.au/
Atomic Pixel,https://atomicpixel.com.au/
Refuel Creative,https://www.refuelcreative.com.au/
AusWeb Design,https://www.auswebdesign.com.au/
Netsyss,http://netsyss.com.au/
Network Technologies Queensland Pty Ltd,https://www.ntq.com.au/
Sublime Web Design,https://www.sublimewebdesign.com.au/
F1RST MEDIA,https://firstmedia.com.au
Boltblue Web and Marketing,https://boltblue.com.au/
Suncoast Web Solutions,https://www.suncoastwebsolutions.com.au
Eighty8design,https://eighty8design.com.au/
Empower Web Design,http://www.empowerwebdesign.com.au/
Australian Webpage Effects,https://www.awe.net.au/
Lethal Digital,https://www.lethal.com.au/
ADEE CONSULTING PTY LTD,https://www.adee.com.au/
Hybrid ICT,https://www.hybridict.com.au/
TechEquipt Pty Ltd,https://www.techequipt.com.au/
Vance Graphix & Print,https://vancegraphix.com.au/
Marketing Global Stores,https://www.marketingglobalstores.com/home
Mesch Engagement,http://www.mesch.com.au/
Digital Remedy,https://www.digitalremedy.com.au
Enamoured Iris,https://enamourediris.com.au
iTraffic,https://www.i-traffic.com.au/
Mr. B & Web,https://mrbandweb.com/
SUPA Web Solutions,http://supawebsolutions.com.au/
FunkyWebsiteDesigns,https://funkywebsitedesigns.com.au/
Workdog,https://www.workdog.com.au/
KC Web Design,https://kcwebdesign.com.au/
Baker Marketing,https://bakermarketingservices.com/
Marvs Technologies,http://www.marvstechnologies.com/
ADM,http://www.aussiedigitalmarketing.com.au/
Layer 3 Technologies,https://www.layer3it.com.au/
Mariart,http://www.mariart.com.au/
Dank Designs,http://dankdesigns.com.au/
Design Point,http://designpoint.com.au
ManomayWeb,https://www.manomayweb.com.au/
21 Webs,https://21webs.com.au/
Thirteen Digital,https://thirteendigital.com.au/
Anchor Digital Marketing Ltd,https://anchordigital.com.au/
Media Fortress,https://mediafortress.com.au/
NetStripes,https://www.netstripes.com/
Viva Digital,https://www.vivadigital.com/
Gold Coast Website Designs,http://www.goldcoastwebsitedesigns.com.au/
Arnold Furnace,http://au.arn.com/
Elastik Digital,https://elastik.digital/
Pixelvise,https://pixelvise.com
Design Diva Pty Ltd,https://www.designdiva.com.au/
Generation Digital,https://generationdigital.com.au
Zenneo,http://www.zenneo.com
Papercut,https://www.papercut.net.au/
AppWebStudios,https://www.appwebstudios.com/
Theme Press,https://www.themepress.com.au
Axiom Design Partners,https://www.axiomdp.com.au/
Moonshine Agency,https://moonshine.agency/
Quak Design,http://quak.com.au/
Made Agency,http://madeagency.com.au/
Seattle Web Design of London,http://www.getseattleonline.com
Gloo Advertising,https://glooadvertising.com.au/
IT Solutions Solved,https://www.itsolutionssolved.com.au/
ZOIK,https://www.zoik.com.au/
Kurl Web,https://kurl.com.au/
PlatinumSEO,https://www.platinumwebsitedesign.com.au/
Karma Web Consulting,http://www.karmawebconsulting.com.au/
Demadi,https://www.demadi.com/contacto/
Captivate Digital,https://captivatedigital.com.au/
Collab Agency,https://www.collabagency.com.au/
SMB Digital,http://smbdigital.com.au/why-us/
Feeney Marketing,http://www.feeneymarketing.com.au/
Prestige Social Media Agency,http://www.prestigesocialmedia.com.au/
Greenhat,https://www.greenhat.net/
Mettro,https://mettro.com.au/
EUX Digital Agency,https://eux.com.au/
Creativ Digital,https://www.wordpressiv.com.au/
Digital Finery Digital Agency,http://www.digitalfinery.com.au/home
Jimmyweb,http://www.jimmyweb.net/
Hopping Mad Designs,https://hoppingmad.com.au
DIGITAL DORADO,https://www.digitaldorado.com/
CPM Online Marketing,http://cpmonlinemarketing.com/
EverSight.Agency,https://eversight.agency/
Digital White Space,https://digitalwhitespace.com.au/
Influence IT Consulting Pty Ltd,https://www.influenceit.com.au/
Busy Made Simple,https://busymadesimple.com.au
Online Monkeys,https://www.onlinemonkeys.com.au/
Webz Australia,https://www.webz.net.au
Pineapple Public Relations,http://www.pineapplepr.com.au/
Tonberry Digital,http://www.tonberry.com.au/
Tin Can Creative Marketing,https://tincan.com.au/
Jetek China Digital,https://jetek.com.au/
Video Outcomes,https://www.videooutcomes.com/
Search Growth,https://www.searchgrowth.com.au/
The Hope Factory,https://thehopefactory.com/
Roundhouse,https://roundhouse.cc/web-design-development-brisbane
Affect Media,https://www.affectmedia.com.au/
WebMasters Group,http://webmastersgroup.com.au/web-development/
Web Kitchen,http://www.webkitchen.com.au
Inklab,https://www.inklab.com.au/
Sydney Web,https://webdesignsydney.net/
WEBeasy,https://www.webeasy.com.au/web-design-brisbane-websites/
Smartways Marketing,https://www.smartwaysmarketing.com/
Puremedia,https://www.puremedia.com.au
TR Consulting,https://www.trconsulting.com.au/
Blackbox Design,https://www.blackboxdesign.com.au/
Slick Design Pty Ltd,https://slickdesign.com.au/
Ad Impact,https://www.adimpact.com.au/
Five by Five Website Design,https://www.fivebyfive.com.au/
Futuretheory,https://futuretheory.com.au/
Roemin Creative Technology,https://www.roemin.com/
Luxion Media,https://www.luxion.com.au/
Home Giraffe,https://digital.homegiraffe.com.au/seo-adelaide-services/
Show and Tell Creative,https://www.showandtell.com.au/
CVW Creative,https://www.cvwcreative.com.au/
St. George Web Design,https://www.stgeorgewebdesign.com.au/
Studio 72 Web Design,https://www.studio72.com.au/
Net Solutions Pty Ltd,https://netsolutions.net.au/
Boost IT - Australia,https://www.boostit.com.au/
Vrinsoft,https://www.vrinsoft.com.au/
Cosmocrat Web Solution,https://www.cosmocratwebsolutions.com/
GravIT Pty Ltd,https://www.gravit.com.au/
The Natives,https://www.thenatives.com.au
Rise Digital Media,https://www.risedigitalmedia.com.au/contact/
West Coast Online,https://www.westcoastonline.com.au/about-us/
Creative Revolution - Digital Done Right,https://www.creativerevolution.com.au/
noop,https://www.noop.com.au/
Make My Website Pty Ltd,https://www.makemywebsite.com.au/
Future IT Australia,https://www.futureit.net.au/
Fox & Lee,https://foxandlee.com.au/
Max. I.T. Consulting Services Pty. Ltd.,https://www.maxit.com.au/
COG Branding,http://www.COGbranding.com.au
Mercer PR,http://mercerpr.com/
John Cochrane Advertising,http://www.johncochraneadvertising.com/
Sifo Corp,http://www.sifocorp.com/index.html
Manning & Co. Pty Ltd,http://manningandco.com.au
Foundry,https://foundryco.com.au/
MakeWeb,https://eastgosfordwebsites.com.au
Futr Online Solutions,https://www.futr.com.au
FWRD Agency,https://www.fwrdagency.com/
Chatterbox Marketing,https://www.chatterboxmarketing.com.au/
Anomaly,https://anomaly.com.au/
Perth Marketing Solutions,https://perthmarketingsolutions.com/
Site Analyticz,https://siteanalyticz.com/
Personify Web Design,https://personify.com.au/
Oziti,http://oziti.com.au/
Jacob Gates Design & Media,https://www.jacobgates.com/
Digital Brigde,https://digitalbridge.com.au/
Keen To Design,https://www.keentodesign.com.au/
Whitespace Marketing,https://www.whitespacemarketing.com.au/
Prime IT Solutions Pty Ltd,https://www.primeits.com.au/
Limitless Studios,http://www.limitlessstudios.com.au
Suits&Sneakers,https://suitsandsneakers.global/
Sitelabs,https://www.sitelabs.com.au
Ezy Digital,https://ezydigital.com.au
Made by Big,http://madebybig.com
Video Experts,https://videoexperts.com.au/
Gemxit Pty Ltd,https://gemxit.com/
wisebrownfox,http://wisebrownfox.com
PDPR Marketing and Creative,http://www.pdpr.com.au
Ford Digital,https://forddigitalagency.com.au/
DIGITAL SURF BRISBANE,https://digitalsurf.com.au/
Handle Branding,https://www.handlebranding.com.au/
Zoom Digital Solutions,http://zoomdigital.com.au/
Aktiv Digital Pty Ltd,https://aktiv.digital/
Breadbox Marketing,https://breadboxmarketing.com.au/
Smart Skink Marketing,http://smartskink.com.au/
Mind Methods,https://mindmethods.com.au
R&R Web Development,https://rnrwebdevelopment.com.au/
Infoconnect,http://infoconnect.com.au/
Gray Advertising & Media,https://www.grayadvertising.com.au/
111iT,https://111it.com.au/
Atom Software Pty Ltd,https://www.atomsoftware.com.au/
Media Today,https://mediatoday.com.au/
Gunslinger,https://www.gunslinger.com.au/
Shak Studios,http://shakstudios.com.au
Andelo,https://andelo.com.au
Vantage Digital - Chinese Marketing,http://vantagedigital.com.au
Eneblur Digital,https://eneblur.com.au/
eMarketeer,http://www.emarketeer.com.au/
Unbranded Space,https://unbrandedspace.com.au/
Agenda Group,https://www.agendagroup.net/
Bound By Story,https://boundbystory.com.au/
Fluidic Agency Pty Ltd,https://fluidic.agency
Digital Dock Ltd,http://www.digitaldock.com.au
fabADS,http://fabads.com.au/
Aqua Digital,https://aquadigital.com.au/
ChatGen,https://chatgen.com.au/
Vivid Visuals,https://vividvisuals.com.au/
Sumo Digital,http://www.sumodigital.co
Argon Design,https://www.argondesign.com.au/
Kiss Marketing,https://www.kissmarketing.com.au/
The Digital Marketing Company,https://thedigitalmarketingcompany.com.au/
Alioned Agency,https://www.alioned.com/shopify-store-setup
Glover Productions,https://www.gloverproductions.com/
Nerd Crew Website Design,https://nerdcrew.com.au
Milkcarte,https://www.milkcarte.com
Hatsoff Content,https://www.hatsoff.io
DesignLab,https://designlab.net.au/
moonhost,https://moonhost.com.au
Dare Digital,https://www.daredigital.com.au/
1TrueMarket,http://www.1truemarket.com
Nonreversal,https://nonreversal.wixsite.com/advertising
Little Middle,https://littlemiddle.com.au/
YOUR WEB DREAM,https://www.yourwebdream.com.au/
Sketch Corp.,https://sketchcorp.com
Ripple Marketing Australia Pty Ltd,https://ripplemarketing.com.au/
Netfront Pty Ltd,https://netfront.com.au/
Hatchet Pty Ltd,https://hatchet.com.au
Insight Communication & Design,https://www.insightdesign.com.au
Confetti Design,https://confettidesign.com.au/
Digital Developments,https://www.digitaldevelopments.com.au/
Creative Chaos Pty Ltd,https://www.creativechaos.com.au/
Visual Intent,https://visualintent.com.au/
Indepth Design Pty Ltd,https://indepth.com.au/
WebSmart Design - Australia,https://websmart.com.au/
Watterson,http://www.watterson.com.au
Millennium Communications,http://www.millenniumcommunications.com.au/?utm_source=clutch.co&utm_medium=referral
Liquid Digital,https://liquid.digital/contact
Mocca Design,https://moccadesign.com.au/
EG Solutions,https://egsolutions.com.au/
Webb Software,https://webbsoftware.com.au/
OTM,http://www.theotmcompany.com
SB Web Designs,https://sbwebdesigns.com.au/
Beyond Web Development,https://www.beyondwebdevelopment.com/
Urban Based,https://www.urbanbased.com.au/
Tangible,https://tangiblesydney.com.au
Zen Agency - Australia,http://www.zenagency.com.au/
Web Sprout,https://www.websprout.com.au/
WebToday,https://www.webtoday.com.au/
BAM by Design ANZ,https://bambydesign.com.au/
Watts Design,http://www.wattsdesign.com.au
SGD,https://sgd.com.au
Digital Rescue,https://www.digitalrescue.com.au/
Word of Mouth,https://www.wordofmouthagency.com.au/
Black Iris Films,https://www.blackirisfilms.com
BEAM Creative,https://www.beamcreative.com.au/
iCreate Agency,https://icreate.agency/
Creswick Creative,https://www.creswickcreative.com.au/
Neondragonfly Web Design,http://www.neondesign.com.au
SBP Creative Media,http://sbpcreativemedia.com.au/
Actualise Design,https://actualisedesign.com/
Donohue Consultancy,https://www.donohueconsultancy.com.au
Livewire Productions,https://livewireproductions.com.au/
UdiMedia,https://udimedia.com.au/
Small Business Booster,http://smallbusinessbooster.com.au/
Inform Group Pty Ltd,http://informgroup.com/
Vesanique Pty Ltd,https://vesanique.com.au
Spoke,http://spokecorporate.com
Chris Sutherland Australia,http://www.chrissutherland.com.au
The Webery Studio,http://www.thewebery.com.au
Intentree,http://www.intentree.com.au
Visual Production Agency,https://www.visualproduction.com.au/
65 Bits,https://www.65bits.com.au/
EasyWeb,https://www.easyweb.design
Devmunks Infosystem Pvt. Ltd.,https://www.devmunks.com
Matterhorn Digital,https://matterhorndigital.sg/
She Digital,https://www.shedigital.com.au/
J2 Group,http://www.j2group.com.au
Iper,https://iper.com.au/
Ten Squared,https://tensq.com.au/
Fm+1,https://www.fmplus1.com
Flow CRM Hub,https://flowcrmhub.com.au/
Growth Experts,http://growthexpert.com.au
Romulus Dynamics,https://www.romulusdynamics.com/
